SPECIESID,GENUS,EPITHET,AUTHORITY,SPECIES,HMF CODE,GENERAL FORM,FUNCTIONAL GROUPS,Type,Vegetative,ORIGIN,FAMILY,NATIVITY,HEIGHT,HABITAT,DISPERSAL,NOTES
0,Osmunda,regalis,L.,TRUE,Herb,,,,FALSE,,,,,,,
5,Abutilon,theophrasti,Medikus.,TRUE,Herb,Annual,,,FALSE,E,,,,,,
8,Acalypha,sp.,L.,TRUE,Herb,Annual,Pioneer,Small,FALSE,N,Euphorbiaceae,NA,,,D,
9,Acalypha,gracilens,A. Gray.,TRUE,Herb,Annual,Pioneer,Small,FALSE,N,Euphorbiaceae,NA,,open fields,D,"Moist or dry, sandy soil,meadows"
10,Acalypha,rhomboidea,Raf.,TRUE,Herb,Annual,Pioneer,Small,FALSE,N,Euphorbiaceae,NA,,roadsides,D,"Dry or moist open woods, fields"
11,Acalypha,virginica,L.,TRUE,Herb,Annual,Pioneer,Small,FALSE,N,Euphorbiaceae,NA,,roadsides,D,"Dry or moist open woods, fields"
12,Acer,sp.,L.,TRUE,Tree,Tree,Tree,Tree,FALSE,N,Aceraceae,,,,W,
15,Acer,negundo,L.,TRUE,Tree,Tree,Tree,Tree,FALSE,N,Aceraceae,NA,30 m,moist,W,
16,Acer,saccharinum,L.,TRUE,Tree,Tree,Tree,Tree,FALSE,N,Aceraceae,NA,30 m,riverbanks,,
17,Acer,platanoides,L.,TRUE,Tree,Tree,Tree,Tree,FALSE,E,Aceraceae,Europe,40 m,,W,
18,Acer,saccharum,Marshall.,TRUE,Tree,Tree,Tree,Tree,FALSE,N,Aceraceae,NA,40 m,dry,W,
20,Acer,rubrum,L.,TRUE,Tree,Tree,Tree,Tree,FALSE,N,Aceraceae,NA,35 m,Swamps,W,
25,Achillea,millefolium,L.,TRUE,Herb,Perennial,Decumbent Per.,Big,TRUE,N,Asteraceae,tetraploid,2-10 dm,,O,
26,Actaea,pachypoda,Elliot,TRUE,Forb,Perennial,,,FALSE,,,Native,,,,
29,Elytrigia,sp.,Desv.,TRUE,Herb,Perennial,Guerilla Grass,Grass,TRUE,E,Poaceae,,,,W,Old Name: Agropyron sp.
30,Elytrigia,repens,(L.) Nevski.,TRUE,Herb,Perennial,Guerilla Grass,Grass,TRUE,E,Poaceae,Eurasia,5-10 dm,"dry, open",W,Old Name: Agropyron repens
31,Agrostis,sp.,L.,TRUE,Herb,Unk,Not Clear,Grass,TRUE,E,Poaceae,,,,W,
32,Agrostis,gigantea,Roth.,TRUE,Herb,Perennial,Phalanx Grass,Grass,TRUE,E,Poaceae,Europe,10-15 dm,marshes,W,Old Name: A. alba
35,Agrostis,stolonifera,L.,TRUE,Herb,Perennial,Guerilla Grass,Grass,FALSE,E,Poaceae,Europe,10-15 dm,moist soil,W,
36,Agrostis,perennans,Walter (Tuckerman).,TRUE,Herb,Perennial,Phalanx Grass,Grass,TRUE,E,Poaceae,,5-10 dm,dry soil,W,
37,Agrostis,capillaris,L.,TRUE,Herb,Perennial,Phalanx Grass,Grass,TRUE,E,Poaceae,Europe,2-6 dm,pastures,W,Old Name: A. tenuis
38,Agrostis,septentrionalis,,TRUE,Herb,Unk,Not in Sources,,FALSE,X,Poaceae,Europe,,,,Not in current manuals
40,Agrostis,hyemalis,(Walter) BSP.,TRUE,Herb,Perennial,Phalanx Grass,Grass,TRUE,N,Poaceae,,3-9 dm,abundant,W,
45,Ailanthus,altissima,Miller (Swingle).,TRUE,Tree,Tree,Tree,Tree,FALSE,E,Simaroubaceae,Eurasia,1 m,,W,
46,Betula,sp.,L.,TRUE,Tree,Tree,Tree,Tree,FALSE,N,Betulaceae,,,,W,
49,Allium,canadense,L.,TRUE,Herb,Perennial,Erect Perennial,Big,FALSE,N,Liliaceae,NA,,open woods,D,
50,Allium,vineale,L.,TRUE,Herb,Perennial,Erect Perennial,Big,FALSE,E,Liliaceae,Europe,,fields,D,
51,Amelanchier,sp.,Medikus.,TRUE,shrub/vine,Tree,Tree,Tree,FALSE,N,Rosaceae,,,,F,
52,Amelanchier,canadensis,L.,TRUE,shrub/vine,Shrub,Tree,Tree,FALSE,N,Rosaceae,NA,8 m,,,
53,Alliaria,petiolata,(Bieb.) Cavara & Grande,TRUE,Herb,Biennial,Forest Herb,Big,FALSE,E,Brassicaceae,Europe,1 m,moist woods,D,Old Name: A. officianalis
54,Allium,sp.,L.,TRUE,Herb,Perennial,Erect Perennial,Big,FALSE,E,Liliaceae,,,,D,
55,Amaranthus,albus,L.,TRUE,Herb,Annual,Pioneer,,FALSE,N,Amaranthaceae,NA,1m,fields,,"Waste ground, native to prairies/plains"
56,Amaranthus,retroflexus,L.,TRUE,Herb,Annual,Pioneer,Big,FALSE,E,Amaranthaceae,NA,2m,,D,"Native to tropical America, weed thru US"
57,Amaranthus,sp.,L.,TRUE,Herb,Annual,Pioneer,,FALSE,X,Amaranthaceae,NA,,,,
60,Ambrosia,artemisiifolia,L.,TRUE,Herb,Annual,Pioneer,Big,FALSE,N,Asteraceae,NA,,,A,"Common ragweed,waste places"
61,Ambrosia,trifida,L.,TRUE,Herb,Annual,Pioneer,Big,FALSE,N,Asteraceae,NA,2-5m,,A,"Giant ragweed, moist soil"
65,Anagallis,arvensis,L.,TRUE,Herb,Annual,Pioneer,Small,FALSE,E,Primulaceae,Eurasia,,,D,
70,Anaphalis,margaritacea,L.,TRUE,Herb,Perennial,Erect Perennial,Big,FALSE,N,Asteraceae,,3-9 dm,"dry, open",O,
74,Andropogon,sp.,L.,TRUE,Herb,Perennial,Phalanx Grass,Grass,TRUE,N,Poaceae,,,,W,
75,Schizachyrium,scoparium,(Michx.) Nash.,TRUE,Herb,Perennial,Phalanx Grass,Grass,TRUE,N,Poaceae,NA,5-12 dm,"dry, soil",W,Old Name: Andropogon scoparius
76,Andropogon,virginicus,L.,TRUE,Herb,Perennial,Phalanx Grass,Grass,TRUE,N,Poaceae,NA,5-15 dm,,,
80,Antennaria,neglecta,Greene.,TRUE,Herb,Perennial,Erect Perennial,Small,FALSE,N,Asteraceae,NA,1-4 dm,open woods,O,
81,Antennaria,sp.,Gaertner.,TRUE,Herb,Perennial,Erect Perennial,,FALSE,N,Asteraceae,,,,,
85,Anthemis,arvensis,L.,TRUE,Herb,Annual,Pioneer,,FALSE,E,Asteraceae,Europe,,fields,O,Fields and waste places
86,Anthemis,cotula,L.,TRUE,Herb,Annual,Pioneer,Big,FALSE,E,Asteraceae,Europe,1-9dm,fields,O,Fields and waste places
89,Anthoxanthum,odoratum,L.,TRUE,Herb,Perennial,Guerilla Grass,Grass,TRUE,E,Poaceae,Europe,3-7 dm,waste,,
90,Apios,americana,Medikus.,TRUE,Herb,Perennial,Legume,Small,FALSE,N,Fabaceae,NA,,moist soil,D,
94,Apocynum,androsaemifolium,L.,TRUE,Herb,Perennial,Erect Perennial,Big,FALSE,N,Apocynaceae,NA,2-8 dm,fields,W,
95,Apocynum,cannabinum,L.,TRUE,Herb,Perennial,Erect Perennial,Big,FALSE,N,Apocynaceae,NA,.5-1.5 m,open fields,W,
96,Apocynum,sp.,L.,TRUE,Herb,Perennial,Erect Perennial,,FALSE,N,Apocynaceae,,,,W,
97,Arctium,minus,Schk.,TRUE,Herb,Perennial,Erect Perennial,Big,FALSE,E,Asteraceae,Eurasia,1.5 m,roadsides,A,
100,Arenaria,serpyllifolia,L.,TRUE,Herb,Annual,Pioneer,Small,FALSE,E,Caryophyllaceae,Eurasia,5-30cm,desert,D,sandy or stony places
105,Arisaema,triphyllum,(L.) Schott.,TRUE,Herb,Perennial,Forest Herb,Big,FALSE,N,Araceae,NA,,,F,
106,Arrhenatherum,elastius,(L.) J. & C. Presl.,TRUE,Herb,Biennial,Phalanx Grass,Grass,TRUE,E,Poaceae,Europe,2 m,,W,
108,Asclepias,viridiflora,Raf.,TRUE,Herb,Perennial,Erect Perennial,,FALSE,N,Asclepiadaceae,NA,3-8 dm,dry woods,,
109,Asclepias,incarnata,L.,TRUE,Herb,Perennial,Erect Perennial,Big,FALSE,N,Asclepiadaceae,NA,1.5 m,,W,
110,Asclepias,syriaca,L.,TRUE,Herb,Perennial,Erect Perennial,Big,TRUE,N,Asclepiadaceae,NA,1-2 m,meadows,W,
111,Asclepias,sp.,L.,TRUE,Herb,Perennial,Erect Perennial,,FALSE,N,Asclepiadaceae,,,,,
113,Asplenium,platyneuron,(L.) Oakes.,TRUE,Herb,Perennial,Fern,Small,FALSE,N,Aspleniaceae,NA,,banks,,
114,Asplenium,sp.,L.,TRUE,Herb,Perennial,Fern,,FALSE,N,Aspleniaceae,,,,,
115,Asparagus,officinalis,L.,TRUE,Herb,Perennial,Erect Perennial,Big,FALSE,E,Liliaceae,Europe,2 m,salt marsh,F,
120,Aster,ericoides,L.,TRUE,Herb,Perennial,Erect Perennial,Big,TRUE,N,Asteraceae,NA,3-10 dm,,W,
122,Aster,novae-angliae,L.,TRUE,Herb,Perennial,Erect Perennial,Big,TRUE,N,Asteraceae,Europe,3-20 dm,moist soil,W,
125,Aster,pilosus,Willd.,TRUE,Herb,Biennial,Erect Perennial,Big,FALSE,N,Asteraceae,NA,1-15 dm,sandy soil,W,
130,Aster,lanceolatus,Willd.,TRUE,Herb,Biennial,Erect Perennial,Big,TRUE,N,Asteraceae,NA,6-15 dm,moist,W,Old name: Aster simplex
135,Aster,sp.,L.,TRUE,Herb,Biennial,Erect Perennial,,FALSE,N,Asteraceae,,,,W,
137,Aster,laterifolius,(L.) Britton,TRUE,Herb,Biennial,Erect Perennial,Big,TRUE,N,Asteraceae,NA,3-12 dm,open woods,W,Old name: Aster vimineus
138,Athyrium,filix-femina,(L.) Roth.,TRUE,Herb,Perennial,Fern,Fern,FALSE,N,Aspleniaceae,NA,,,,
140,Barbarea,vulgaris,R. Br.,TRUE,Herb,Biennial,Pioneer,Big,FALSE,E,Brassicaceae,Eurasia,2-8 dm,meadows,D,
141,Barbarea,sp.,"R. Br., nom. conserv.",TRUE,Herb,Biennial,Pioneer,,FALSE,E,Brassicaceae,,,,,cf 140
145,Bare ground,,,FALSE,Bare ground,Unk,Not in Sources,,FALSE,X,,,,,,
150,Berberis,thunbergii,DC.,TRUE,shrub/vine,Shrub,Shrub,Shrub,FALSE,E,Berberidaceae,Japan,2 m,roadsides,F,
151,Berberis,sp.,L.,TRUE,shrub/vine,Shrub,Shrub,Shrub,FALSE,X,Berberidaceae,,,,F,
152,Betula,alleghaniensis,Britton.,TRUE,Tree,Tree,Tree,Tree,FALSE,N,Betulaceae,NA,30 m,seral woods,,Old Name: Betula lutea
154,Bidens,sp.,L.,TRUE,Herb,Annual,Pioneer,,FALSE,N,Asteraceae,NA,,,A,
155,Bidens,vulgata,Greene.,TRUE,Herb,Annual,Pioneer,Big,FALSE,N,Asteraceae,NA,,widespread,A,wet to dryish waste places
156,Botrychium,sp.,Swartz.,TRUE,Herb,Perennial,Fern,,FALSE,N,Ophioglossaceae,,,,,
157,Botrychium,virginianum,(L.) Swartz.,TRUE,Herb,Perennial,Fern,Big,FALSE,N,Ophioglossaceae,NA,20-75 cm,moist soil,,
158,Sinapis,arvensis,L.,TRUE,Herb,Annual,Pioneer,Big,FALSE,E,Brassicaceae,Europe,2-8dm,widespread,D,Old Name: Brassica kaber
165,Bromus,sp.,L.,TRUE,Herb,Unk,Not Clear,,FALSE,X,Poaceae,,,,W,
166,Bromus,inermis,Leysser.,TRUE,Herb,Perennial,Guerilla Grass,Grass,TRUE,E,Poaceae,Europe,5-10 dm,,W,
167,Bromus,racemosus,L.,TRUE,Herb,Annual,Annual Grass,Grass,TRUE,E,Poaceae,Europe,3-10 dm,,W,
168,Bromus,tectorum,L.,TRUE,Herb,Annual,Pioneer,Grass,TRUE,E,Poaceae,Europe,2-7 dm,,W,
175,Capsella,bursa-pastoris,"(L.) Medikus, nom. conserv.",TRUE,Herb,Annual,Pioneer,Small,FALSE,E,Brassicaceae,Europe,1-6 dm,ubiquitous,D,
177,Carex,pensylvanica,Lam.,TRUE,Herb,Perennial,Phalanx Grass,Grass,TRUE,N,Cyperacea,NA,1-5dm,,O,
178,Carya,tomentosa,(Poiret) Nutt.,TRUE,Tree,Tree,Tree,Tree,FALSE,N,Juglandaceae,NA,,dry woods,N,
179,Carex,swanii,(Fern.) Mackenzie.,TRUE,Herb,Perennial,Phalanx Grass,Grass,TRUE,N,Cyperacea,NA,5-10 dm,dry woods,,
180,Carex,sp.,L.,TRUE,Herb,Perennial,Phalanx Grass,Grass,TRUE,X,Cyperacea,,,,O,
181,Carex,vulpinoidea,Michx.,TRUE,Herb,Perennial,Phalanx Grass,Grass,TRUE,N,Cyperacea,NA,3-10 dm,,,Old Name: Carex annectens
182,Carex,festucacea,Schk.,TRUE,Herb,Perennial,Phalanx Grass,Grass,TRUE,N,Cyperacea,NA,5-10 dm,marshes,O,
183,Carex,scoparia,Schk.,TRUE,Herb,Perennial,Phalanx Grass,Grass,TRUE,N,Cyperacea,NA,3-10 dm,open swamp,O,
184,Carya,glabra,(Miller) Sweet.,TRUE,Tree,Tree,Tree,Tree,FALSE,N,Juglandaceae,NA,,upland wood,N,
185,Carya,sp.,"Nutt., nom. conserv.",TRUE,Tree,Tree,Tree,Tree,FALSE,N,Juglandaceae,NA,,,N,
186,Carya,ovalis,(Wangenh.) Sarg.,TRUE,Tree,Tree,Tree,Tree,FALSE,N,Juglandaceae,NA,,upland wood,N,
187,Chamaecrista,nictitans,(L.) Moench.,TRUE,Herb,Annual,Pioneer,Small,FALSE,N,Caesalpiniaceae,NA,1-5 dm,dry,D,"Old Name: Cassia nictitans, sandy soil"
188,Carya,ovata,(Miller) K. Koch.,TRUE,Tree,Tree,Tree,Tree,FALSE,N,Juglandaceae,NA,,moist,N,
189,Celtis,occidentalis,L.,TRUE,Tree,Tree,Tree,Tree,FALSE,N,Ulmaceae,NA,6-35 m,moist,F,
190,Centaurea,dubia,Suter.,TRUE,Herb,Perennial,Erect Perennial,Small,FALSE,N,Asteraceae,NA,11-18 mm,roadsides,W,
191,Centaurea,sp.,L.,TRUE,Herb,Perennial,Erect Perennial,,FALSE,N,Asteraceae,,,,W,
192,Celastrus,sp.,L.,TRUE,shrub/vine,Liana,Woody Vine,Liana,FALSE,X,Celastraceae,,,,F,
193,Celastrus,orbiculatus,Thunb.,TRUE,shrub/vine,Liana,Woody Vine,Liana,FALSE,E,Celastraceae,Eurasia,,open woods,F,
194,Clematis,virginiana,L.,TRUE,shrub/vine,Liana,Woody Vine,Liana,FALSE,N,Ranunculaceae,Canada,2-5 m,,W,
195,Cerastium,vulgatum,L.,TRUE,Herb,Perennial,Decumbent Per.,Small,FALSE,E,Caryophyllaceae,Eurasia,1.5-5dm,lawns,D,
196,Cerastium,nutans,Raf.,TRUE,Herb,Perennial,Decumbent Per.,Small,FALSE,N,Caryophyllaceae,NA,1-4.5 dm,,D,
197,Cerastium,sp.,L.,TRUE,Herb,Perennial,Decumbent Per.,,FALSE,X,Caryophyllaceae,,,,D,
198,Celastrus,scandens,L.,TRUE,shrub/vine,Liana,Woody Vine,Liana,FALSE,N,Celastraceae,Canada,,thickets,F,
200,Chenopodium,album,L.,TRUE,Herb,Annual,Pioneer,Big,FALSE,E,Chenopodiaceae,Europe,1m,,W,
205,Chrysanthemum,leucanthemum,L.,TRUE,Herb,Perennial,Erect Perennial,Big,TRUE,E,Asteraceae,Eurasia,2-8 dm,fields,O,
206,Cinna,sp.,L.,TRUE,Herb,Perennial,Phalanx Grass,Grass,TRUE,N,Poaceae,,,,,
207,Cichorium,intybus,L.,TRUE,Herb,Perennial,Erect Perennial,,FALSE,E,Asteraceae,Europe,3-17dm,roadsides,,
208,Circaea,lutetiana,L.,TRUE,Herb,Perennial,Forest Herb,Big,TRUE,N,Onagraceae,NA,7-10 dm,moist woods,A,C. quadrisculcata  is asian variety
210,Cirsium,arvense,(L.) Scop.,TRUE,Herb,Perennial,Erect Perennial,Big,TRUE,E,Asteraceae,Eurasia,3-20 dm,fields,W,
212,Cirsium,discolor,(Muhl.) Sprengel.,TRUE,Herb,Perennial,Erect Perennial,Big,FALSE,N,Asteraceae,NA,1-4 m,river bottom,W,
214,Cirsium,sp.,Miller.,TRUE,Herb,Perennial,Erect Perennial,,FALSE,X,Asteraceae,,,,,
215,Cirsium,vulgare,(Savi) Tenore.,TRUE,Herb,Perennial,Erect Perennial,Big,FALSE,E,Asteraceae,Eurasia,5-15 dm,waste,W,
216,Collinsonia,canadensis,L.,TRUE,Herb,Perennial,Forest Herb,,FALSE,N,Lamiaceae,NA,12 dm,rich woods,,
217,Commelina,sp.,L.,TRUE,Herb,Unk,Not Clear,,FALSE,X,Eriocaulaceae,,,,,
218,Commelina,communis,L.,TRUE,Herb,Annual,Pioneer,Big,FALSE,E,Eriocaulaceae,E. Asia,8 dm,moist soil,D,
220,Compos.rosettes,,,TRUE,Herb,Unk,Not Clear,,FALSE,X,,,,,,
225,Claytonia,virginica,L.,TRUE,Herb,Perennial,Forest Herb,Small,FALSE,N,Portulacaceae,NA,,rich woods,D,Corrected from virginiana
230,Calystegia,sepium,(L.) R. Br.,TRUE,Herb,Perennial,Herbaceous Vine,,FALSE,N,Convolvulaceae,NA/Eurasia,3 m,thickets,D,Old Name: Convolvulus
231,Convolvulus,sp.,L.,TRUE,Herb,Perennial,Herbaceous Vine,,FALSE,N,Convolvulaceae,,,,,Cf 230
235,Cornus,amomum,Miller.,TRUE,shrub/vine,Shrub,Shrub,Shrub,FALSE,N,Cornaceae,NA,1-5 m,streams,F,
240,Cornus,florida,L.,TRUE,Tree,Tree,Tree,Tree,FALSE,N,Cornaceae,NA,,woods,F,
241,Cornus,racemosa,Lam.,TRUE,shrub/vine,Shrub,Shrub,Shrub,TRUE,N,Cornaceae,NA,1-5 m,thickets,F,
242,Cornus,sp.,L.,TRUE,shrub/vine,Unk,Not Clear,,FALSE,N,Cornaceae,,,,,
243,Dioscorea,villosa,L.,TRUE,shrub/vine,Perennial,Herbaceous Vine,,FALSE,N,Dioscoreaceae,NA,5 m,thickets,,
244,Crataegus,sp.,L.,TRUE,shrub/vine,Shrub,Shrub,Shrub,FALSE,X,Rosaceae,,,,N,
245,Unk. mustard,,,TRUE,Herb,Biennial,Pioneer,,FALSE,X,Brassicaceae,,,,D,
246,Crotalaria,sagittalis,L.,TRUE,Herb,Annual,Pioneer,,FALSE,N,Fabaceae,NA,4 dm,dry,,
248,Unk. sedge,,,TRUE,Herb,Perennial,Phalanx Grass,Grass,TRUE,X,Cyperacea,,,,D,Cf 180
250,Cyperus,sp.,L.,TRUE,Herb,Perennial,Phalanx Grass,Grass,TRUE,X,Cyperacea,,,,W,"Form as ""grasses."""
251,Cyperus,esculentus,L.,TRUE,Herb,Perennial,Phalanx Grass,Grass,TRUE,N,Cyperacea,NA,1-7 dm,,W,
252,Cyperus,strigosus,L.,TRUE,Herb,Perennial,Phalanx Grass,Grass,TRUE,N,Cyperacea,NA,1-10 dm,,,
255,Conyza,canadensis,(L.) Cronq.,TRUE,Herb,Annual,Pioneer,Big,FALSE,N,Asteraceae,NA,1-15 dm,old fields,O,
259,Cuscuta,sp.,L.,TRUE,Herb,Annual Vine,Parastic Vine,Vine,FALSE,,Cuscutaceae,,,wetlands,,
260,Cuphea,viscosissima,Jacq.,TRUE,Herb,Annual,Pioneer,,FALSE,N,Lythraceae,NA,1.5-6 dm,dry soil,,Old Name: Cuphea petiolata
261,Cystopteris,fragilis,(L.) Bernh.,TRUE,Herb,,,,FALSE,N,Aspleniaceae,,,,,
265,Danthonia,spicata,(L.) F. Beauv.,TRUE,Herb,Perennial,Phalanx Grass,Grass,TRUE,N,Poaceae,NA,2-6 dm,sandy soil,W,
266,Danthonia,sericea,Nutt.,TRUE,Herb,Perennial,Phalanx Grass,Grass,TRUE,N,Poaceae,NA,5-12 dm,sandy soil,,
267,Danthonia,sp.,"Lam. & DC., nom. conserv",TRUE,Herb,Perennial,Phalanx Grass,Grass,TRUE,N,Poaceae,,,,W,
270,Dactylis,glomerata,L.,TRUE,Herb,Perennial,Phalanx Grass,Grass,TRUE,E,Poaceae,Europe,5-12 dm,roadsides,W,
275,Daucus,carota,L.,TRUE,Herb,Biennial,Decumbent Per.,Big,FALSE,E,Apiaceae,Eurasia,4-10 dm,,W,
280,Desmodium,glabellum,(Michx.) DC.,TRUE,Herb,Perennial,Legume,Big,FALSE,N,Fabaceae,NA,5-12 dm,,A,Old Name: D. dillenii
281,Desmodium,sp.,"Desv., nom. conserv.",TRUE,Herb,Perennial,Legume,,FALSE,N,Fabaceae,,,,A,
282,Dryopteris,intermedia,(Muhl.) A. Gray.,TRUE,Herb,Perennial,Fern,,FALSE,N,Aspleniaceae,NA,,swamps,W,
283,Draba,verna,L.,TRUE,Herb,Annual,,,FALSE,E,Brassicaceae,Eurasia,,,,
285,Dianthus,armeria,L.,TRUE,Herb,Biennial,Pioneer,Big,FALSE,E,Caryophyllaceae,Europe,2-6 dm,,O,
286,Dianthus,sp.,L.,TRUE,Herb,Unk,Not Clear,,FALSE,E,Caryophyllaceae,,,,,
290,Digitaria,sanguinalis,(L.) Scop.,TRUE,Herb,Annual,Annual Grass,Grass,TRUE,E,Poaceae,Europe,3-6 dm,gardens,W,
291,Digitaria,sp.,"Haller, nom. conserv.",TRUE,Herb,Annual,Annual Grass,Grass,TRUE,X,Poaceae,Europe,,,,
292,Echinochloa,sp.,"P. Beauv., nom. conserv.",TRUE,Herb,Annual,Annual Grass,Grass,TRUE,X,Poaceae,Eurasia,,,W,Form reflects commonest sp.
295,Eclipta,alba,,TRUE,Herb,Annual,Pioneer,,FALSE,N,Asteraceae,NA,,,,
296,Elaeagnus,angustifolia,L.,TRUE,Shrub,Shrub,,Shrub,FALSE,E,Elaeagnaceae,Eurasia,,,F,
297,Eleocharis,ovata,(Roth) Roemer & Schultes.,TRUE,Herb,Annual,Annual Grass,Grass,TRUE,N,Cyperaceae,NA,.5-5dm,marshes,,Old Name: E. obtusa
298,Eleocharis,sp.,R. Br.,TRUE,Herb,Unk,Not Clear,,FALSE,X,Cyperaceae,,,,D,
300,Epilobium,glandulosum,Lehm.,TRUE,Herb,Perennial,Decumbent Per.,,FALSE,N,Onagraceae,NA,,"wet, cool",D,
301,Epilobium,sp.,L.,TRUE,Herb,Perennial,Decumbent Per.,,FALSE,N,Onagraceae,,,,,
305,Euonymus,americanus,L.,TRUE,shrub/vine,Shrub,Shrub,Shrub,FALSE,N,Celastraceae,NA,2 m,moist,,
306,Erechtites,hieracifolia,(L.) Raf.,TRUE,Herb,Annual,Pioneer,Small,FALSE,N,Asteraceae,NA,.1-2.5 dm,dry,W,
307,Erigeron,pulchellus,Michx.,TRUE,Herb,Biennial,Erect Perennial,,FALSE,N,Asteraceae,NA,1.5-6 dm,streambank,,
308,Erigeron,strigosus,Muhl.,TRUE,Herb,Annual,Pioneer,Big,FALSE,N,Asteraceae,NA,3-7-12 dm,common,W,
309,Erigeron,philadelphicus,L.,TRUE,Herb,Biennial,Erect Perennial,Big,FALSE,N,Asteraceae,NA,2-7 dm,,W,
310,Erigeron,annuus,(L.) Pers.,TRUE,Herb,Annual,Pioneer,Big,FALSE,N,Asteraceae,NA,6-15 dm,common,W,
311,Microstegium,vimineum,(Trin.) A. Camus.,TRUE,Herb,Annual,Pioneer,,FALSE,E,Poaceae,Eurasia,6-10 dm,tropical,W,
312,Euonymus,alatus,(Thunb.) Siebold.,TRUE,shrub/vine,Shrub,Shrub,Shrub,FALSE,E,Celastraceae,Eurasia,2.5 m,,F,
313,Euonymus,sp.,L.,TRUE,shrub/vine,Shrub,Shrub,Shrub,FALSE,X,Celastraceae,,,,F,
314,Eupatorium,sp.,L.,TRUE,Herb,Perennial,Erect Perennial,,FALSE,N,Asteraceae,,,,O,
315,Eupatorium,perfoliatum,L.,TRUE,Herb,Perennial,Erect Perennial,,FALSE,N,Asteraceae,NA,4-15 dm,low ground,,
316,Eupatorium,rugosum,Houttuyn.,TRUE,Herb,Perennial,Not Clear,Big,TRUE,N,Asteraceae,NA,1-15 dm,mountains,O,
317,Eupatorium,nigra,,TRUE,Herb,Unk,Not in Sources,,FALSE,X,Asteraceae,,,,O,Not in manuals. ?Cimicifuga
318,Euphorbia,nutans,Lagasca.,TRUE,Herb,Annual,Pioneer,,FALSE,N,Euphorbiaceae,NA,8 dm,gardens,,Old Name: E. preslii
319,Euphorbia,maculata,L.,TRUE,Herb,Annual,Pioneer,Big,FALSE,N,Euphorbiaceae,NA,4 dm,gardens,D,
320,Fagus,grandifolia,Ehrh.,TRUE,Tree,Tree,Tree,Tree,TRUE,N,Fagaceae,NA,30 m,moist,N,
321,Euphorbia,sp.,L.,TRUE,Herb,Annual,Pioneer,,FALSE,N,Euphorbiaceae,NA,,,,
322,Unk. fern,,,TRUE,Herb,Perennial,Not Clear,,FALSE,X,Ophioglossaceae,,,,W,
324,Fragaria,sp.,L.,TRUE,Herb,Perennial,Decumbent Per.,,TRUE,N,Rosaceae,,,,,
325,Fragaria,virginiana,Duchesne.,TRUE,Herb,Perennial,Decumbent Per.,,TRUE,N,Rosaceae,NA,,,F,
326,Fraxinus,pennsylvanica,Marshall.,TRUE,Tree,Tree,Tree,Tree,FALSE,N,Oleaceae,NA,25 m,moist,W,
327,Festuca,sp.,L.,TRUE,Herb,Perennial,Phalanx Grass,Grass,TRUE,X,Poaceae,,,,W,
328,Galium,circaezans,Michx.,TRUE,Herb,Perennial,Decumbent Per.,Big,FALSE,N,Rubiaceae,NA,2-6 dm,"thickets, dry",A,
329,Galium,triflorum,Michx.,TRUE,Herb,Perennial,Decumbent Per.,Big,FALSE,N,Rubiaceae,NA,2-8 dm,woods,A,
330,Fraxinus,americana,L.,TRUE,Tree,Tree,Tree,Tree,FALSE,N,Oleaceae,NA,40 m,moist,W,
331,Geum,sp.,L.,TRUE,Herb,Perennial,Forest Herb,,FALSE,N,Rosaceae,,,,A,
332,Galium,sp.,L.,TRUE,Herb,Perennial,Decumbent Per.,,FALSE,N,Rubiaceae,,,,A,
333,Galinsoga,parviflora,Cav.,TRUE,Herb,Annual,Pioneer,Big,FALSE,E,Asteraceae,NA,2-7 dm,,W,
334,Galium,aparine,L.,TRUE,Herb,Annual,Pioneer,Big,FALSE,N,Rubiaceae,NA,1-10 dm,,A,
335,Geranium,carolinianum,L.,TRUE,Herb,Annual,Pioneer,,FALSE,N,Geraniaceae,NA,3-7 dm,damp,,
336,Gleditsia,sp,L.,TRUE,Tree,,,,FALSE,N,Fabaceae,,,,,
337,Geum,canadense,Jacq.,TRUE,Herb,Perennial,Forest Herb,Big,FALSE,N,Rosaceae,NA,4-10 dm,dry/moist,A,
338,Glechoma,hederacea,L.,TRUE,Herb,Perennial,Decumbent Per.,Small,FALSE,E,Lamiaceae,Eurasia,1-4 dm,moist woods,N,
339,Gnaphalium,sp.,L.,TRUE,Herb,Unk,Not Clear,,FALSE,X,Asteraceae,,,,O,
340,Glycine,max,,TRUE,Herb,Annual,Pioneer,,FALSE,E,,,,,N,
341,Grass,sp.,,TRUE,Herb,Unk,Not Clear,Grass,TRUE,X,Poaceae,,,,W,
342,Gnaphalium,obtusifolium,L.,TRUE,Herb,Annual,Pioneer,Big,FALSE,N,Asteraceae,NA,1-3-10 dm,cliffs/ravine,O,
343,Hedera,helix,L.,TRUE,shrub/vine,Liana,Woody Vine,Liana,FALSE,E,Apiaceae,Europe,30 m,,,
344,Hedeoma,sp.,Pers.,TRUE,Herb,Annual,Pioneer,,FALSE,N,Lamiaceae,NA,,,N,
345,Hedeoma,pulegioides,(L.) Pers.,TRUE,Herb,Annual,Pioneer,Small,FALSE,N,Lamiaceae,NA,,,N,
346,Helianthus,sp.,L.,TRUE,Herb,Unk,Not Clear,,FALSE,N,Asteraceae,,,,,
347,Helianthus,tuberosus,L.,TRUE,Herb,Perennial,Erect Perennial,,FALSE,N,Asteraceae,NA,1-3 m,moist,,
348,Helianthus,annuus,L.,TRUE,Herb,Annual,Pioneer,,FALSE,N,Asteraceae,NA,.5-3 dm,moist soil,,
349,Hieracium,sp.,L.,TRUE,Herb,Perennial,Decumbent Per.,,FALSE,N,Asteraceae,,,,,
350,Hieracium,piloselloides,Villars.,TRUE,Herb,Perennial,Decumbent Per.,Small,TRUE,N,Asteraceae,Europe,2-10 dm,meadows,W,Old Name: H. florentinum
351,Gleditsia,triacanthos,L.,TRUE,Tree,Tree,,,FALSE,N,Fabaceae,NA,,,,
354,Hieracium,pilosella,L.,TRUE,Herb,Perennial,Decumbent Per.,Big,TRUE,E,Asteraceae,Europe,1.5-4 dm,Pastures,W,
355,Hieracium,caespitosum,Dumort.,TRUE,Herb,Perennial,Decumbent Per.,Big,TRUE,E,Asteraceae,Europe,2.5-9 dm,roadsides,W,Old Name: H. pratense
357,Hieracium,venosum,L.,TRUE,Herb,Perennial,Decumbent Per.,,FALSE,N,Asteraceae,NA,2-8 dm,Dry,,
360,Habenaria,lacera,(Michx.) Lodd.,TRUE,Herb,,,,FALSE,N,Orchidaceae,NA,,,,
361,Hackelia,virginiana,(L.) I. M. Johnston,TRUE,Herb,Biennial,,,FALSE,N,Boraginaceae,NA,,,,
364,Ilex,verticillata,,TRUE,shrub/vine,Shrub,,,FALSE,,,,,,,
365,Hibiscus,trionum,L.,TRUE,Herb,Perennial,Erect Perennial,Big,FALSE,E,Malvaveae,Europe,3-5 dm,roadsides,D,
366,Ilex,opaca,Aiton.,TRUE,Tree,Tree,,Tree,FALSE,N,Aquifoliaceae,,,,,
367,Holcus,lanatus,L.,TRUE,Herb,Annual,Phalanx Grass,Grass,TRUE,E,Poaceae,Europe,4-10 dm,roadsides,,
368,Ilex,glabra,(L.) A. Gray.,TRUE,shrub/vine,Shrub,Shrub,Shrub,FALSE,N,Aquifoliaceae,NA,1-3 m,Wet woods,,
369,Impatiens,sp.,L.,TRUE,Herb,Annual,Pioneer,Big,FALSE,N,Balsaminaceae,,,,D,
370,Hypericum,sp.,L.,TRUE,Herb,Unk,Not Clear,,FALSE,X,Clusiaceae,,,,O,
371,Hypericum,punctatum,Lam.,TRUE,Herb,Perennial,Erect Perennial,Big,FALSE,N,Clusiaceae,NA,5-10 dm,moist,O,
372,Hypericum,perforatum,L.,TRUE,Herb,Perennial,Erect Perennial,Big,FALSE,E,Clusiaceae,Europe,4-8 dm,meadows,O,
373,Hypericum,mutilum,L.,TRUE,Herb,Biennial,Pioneer,Big,FALSE,N,Clusiaceae,NA,1-8 dm,wet soil,O,Uncertain function group.
374,Impatiens,capensis,Meerb.,TRUE,Herb,Annual,Pioneer,Big,FALSE,N,Balsaminaceae,NA,5-15 dm,roadsides,D,
375,Ipomoea,hederacea,Jacq.,TRUE,Herb,Annual,Pioneer,Big,FALSE,N,Convolvulaceae,NA,1-2 m,,D,
376,Juglans,nigra,L.,TRUE,Tree,Tree,Tree,Tree,FALSE,N,Juglandaceae,NA,40 m,,N,
377,Krigia,biflora,(Walter) S.F. Blake.,TRUE,Herb,Perennial,Erect Perennial,Big,TRUE,N,Asteraceae,NA,2-8 dm,roadsides,W,
378,Ipomoea,sp.,L.,TRUE,Herb,Unk,Not Clear,,FALSE,N,Convolvulaceae,,,,,
379,Juncus,bufonius,L.,TRUE,Herb,Annual,Pioneer,Big,TRUE,N,Juncaceae,,3 dm,salt-marsh,D,
380,Juncus,sp.,L.,TRUE,Herb,Perennial,Phalanx Grass,Grass,TRUE,X,Juncaceae,,,,D,
381,Juncus,tenuis,Willd.,TRUE,Herb,Perennial,Phalanx Grass,Grass,TRUE,N,Juncaceae,NA,1-8 dm,Dry or moist,D,
382,Juncus,marginatus,Rostk.,TRUE,Herb,Perennial,Phalanx Grass,Grass,TRUE,N,Juncaceae,NA,2-5 dm,meadows,,
383,Juncus,secundus,P. Beauv.,TRUE,Herb,Perennial,Phalanx Grass,Grass,TRUE,N,Juncaceae,NA,3-6 dm,clay soil,D,
384,Juncus,effusus,L.,TRUE,Herb,Perennial,Phalanx Grass,Grass,TRUE,N,Juncaceae,NA,1+ m,marshes,,
385,Juniperus,virginiana,L.,TRUE,Tree,Tree,Tree,Tree,FALSE,N,Cypressaceae,NA,20 m,dry,F,
386,Juglans,sp.,L.,TRUE,Tree,Tree,Tree,Tree,FALSE,N,Juglandaceae,,,,,
390,Lactuca,serriola,L.,FALSE,Herb,Biennial,Pioneer,Big,FALSE,E,Asteraceae,Europe,3-15 dm,fields,W,
393,Lactuca,canadensis,L.,TRUE,Herb,Biennial,Pioneer,Big,FALSE,N,Asteraceae,NA,3-25 dm,waste grnd.,W,
395,Lactuca,sp.,L.,TRUE,Herb,Biennial,Pioneer,,FALSE,X,Asteraceae,,,,,
396,Lamium,sp.,L.,TRUE,Herb,Perennial,Forest Herb,,FALSE,X,Lamiaceae,,,,,Uncertain Gen. L. F. and Func. Group
397,Lepidium,sp.,L.,TRUE,Herb,Unk,Pioneer,,FALSE,E,Brassicaceae,,,,D,Origin taken from commonest
398,Lepidium,campestre,(L.) R. Br.,TRUE,Herb,Biennial,Pioneer,Big,FALSE,N,Brassicaceae,Europe,2-5 dm,roadsides,D,
399,Lepidium,sativum,L.,TRUE,Herb,Annual,Pioneer,Big,FALSE,E,Brassicaceae,Eurasia,2-4 dm,,D,
400,Lepidium,virginicum,L.,TRUE,Herb,Biennial,Pioneer,,FALSE,N,Brassicaceae,NA,1-5 dm,dry soil,,
401,Leersia,virginica,Willd.,TRUE,Herb,Perennial,,,TRUE,N,Poacae,NA,,,,
405,Lichen,,,FALSE,Lichen,Unk,Not in Sources,,FALSE,X,,,,,,
410,Ligustrum,vulgare,L.,TRUE,shrub/vine,Shrub,Shrub,Shrub,FALSE,E,Oleaceae,Europe,5 m,,F,
411,Ligustrum,sp.,L.,TRUE,shrub/vine,Shrub,Shrub,Shrub,FALSE,E,Oleaceae,,,,F,Cf 410; all cult.
414,Linaria,canadensis,(L.) Dum.-Cours.,TRUE,Herb,Annual,Pioneer,,FALSE,N,Scrophulariaceae,NA,1-5 dm,sandy soil,,
415,Linaria,vulgaris,Miller.,TRUE,Herb,Perennial,Erect Perennial,Big,TRUE,E,Scrophulariaceae,Europe,3-8 dm,roadsides,D,
416,Lindera,benzoin,(L.) Blume.,TRUE,shrub/vine,Shrub,Shrub,Shrub,FALSE,N,Lauraceae,NA,5 m,,F,
417,Lonicera,tatarica,L.,TRUE,shrub/vine,Shrub,Shrub,Shrub,FALSE,E,Caprifoliaceae,Eurasia,3 m,,F,
418,Liverwort,sp.,,FALSE,Herb,Perennial,Not in Sources,,FALSE,N,,,,,,
420,Litter,,,FALSE,Litter,Unk,Not in Sources,,FALSE,X,,,,,,
424,Lobelia,puberula,Michx.,TRUE,Herb,Perennial,Erect Perennial,,FALSE,N,Campanulaceae,NA,4-12 dm,wet soil,,
425,Lobelia,inflata,L.,TRUE,Herb,Annual,Pioneer,Big,FALSE,N,Campanulaceae,NA,1 m,,D,
426,Lobelia,sp.,L.,TRUE,Herb,Unk,Not Clear,,FALSE,N,Campanulaceae,,,,D,
429,Lolium,sp.,L.,TRUE,Herb,Perennial,Phalanx Grass,Grass,TRUE,E,Poaceae,,,,,
430,Lolium,perenne,L.,TRUE,Herb,Perennial,Phalanx Grass,Grass,TRUE,E,Poaceae,Europe,3-12 dm,roadsides,W,Old Name: L. multiflorum
435,Lonicera,japonica,Thunb.,TRUE,shrub/vine,Liana,Woody Vine,Liana,FALSE,E,Caprifoliaceae,Eurasia,,woods,F,
436,Lonicera,sp.,L.,TRUE,shrub/vine,Shrub,Not Clear,Shrub,FALSE,E,Caprifoliaceae,,,,,
437,Ludwigia,sp.,L.,TRUE,Herb,Unk,Not Clear,,FALSE,N,Trapaceae,,,,,
438,Lonicera,maackii,(Rupr.) Maxim.,TRUE,shrub/vine,Shrub,Shrub,Shrub,FALSE,E,Caprifoliaceae,Asia,5 m,,F,
440,Silene,latifolia,Poiret.,TRUE,Herb,Biennial,Erect Perennial,Big,FALSE,E,Caryophyllaceae,Europe,4-12 dm,,D,Old Name: Lychnis alba
441,Lychnis,sp.,L.,TRUE,Herb,Perennial,Erect Perennial,,FALSE,E,Caryophyllaceae,,,,D,Cf 440?
445,Lycopus,sp.,L.,TRUE,Herb,Perennial,Erect Perennial,,FALSE,X,Lamiaceae,,,,,
446,Lycopus,americanus,Muhl.,TRUE,Herb,Perennial,Erect Perennial,Big,TRUE,N,Lamiaceae,NA,,,N,
447,Lysimachia,quadrifolia,Sims.,TRUE,Herb,Perennial,Forest Herb,Big,FALSE,N,Primulaceae,NA,3-10 dm,moist soil,D,
450,Lotus,corniculatus,L.,TRUE,Herb,Perennial,Legume,,FALSE,E,Fabaceae,Europe,,meadows,,
451,Lotus,sp.,L.,TRUE,Herb,Unk,Legume,,FALSE,X,Fabaceae,,,,D,
454,Medicago,lupulina,L.,TRUE,Herb,Biennial,Legume,Big,FALSE,E,Fabaceae,Eurasia,,,O,
455,Medicago,sativa,L.,TRUE,Herb,Perennial,Legume,Big,FALSE,E,Fabaceae,NA,1 m,,O,
456,Medicago,sp.,L.,TRUE,Herb,Unk,Legume,,FALSE,E,Fabaceae,Eurasia,,,O,Uncertain general life form
460,Melilotus,alba,Medikus.,TRUE,Herb,Biennial,Pioneer,Big,TRUE,E,Fabaceae,Eurasia,1-3 m,waste grnd.,O,
465,Melilotus,officinalis,(L.) Pallas.,TRUE,Herb,Biennial,Pioneer,Big,TRUE,E,Fabaceae,Eurasia,.5-2 m,waste grnd.,O,
467,Melilotus,sp.,Miller.,TRUE,Herb,Biennial,Pioneer,,FALSE,E,Fabaceae,,,,O,
468,Menispermum,canadense,L.,TRUE,shrub/vine,Liana,Woody Vine,Liana,FALSE,N,Menispermaceae,NA,2-5 m,moist,,
469,Mitchella,repens,L.,TRUE,Herb,Perennial,Forest Herb,,FALSE,N,Rubiaceae,NA,1-3 dm,woods,,
470,Mollugo,verticillata,L.,TRUE,Herb,Annual,Pioneer,Big,FALSE,E,Molluginaceae,Trop. Am.,1-3 cm,,D,
472,Mushroom,,,FALSE,Herb,Unk,Not in Sources,,FALSE,X,,,,,,
473,Monotropa,uniflora,L.,TRUE,Herb,Perennial,Forest Herb,Small,FALSE,N,Monotropaceae,Na,1-2 dm,rich woods,D,
475,Morus,alba,L.,TRUE,Tree,Tree,Tree,Tree,FALSE,E,Moraceae,Eurasia,15 m,,F,
476,Morus,rubra,L.,TRUE,Tree,Tree,Tree,Tree,FALSE,N,Moraceae,NA,20 m,flood,F,
477,Morus,sp.,L.,TRUE,Tree,Tree,Tree,Tree,FALSE,X,Moraceae,,,,F,
478,Nyssa,sylvatica,Marshall.,TRUE,Tree,Tree,Tree,Tree,FALSE,N,Cornaceae,NA,30 m,Swamps,F,
479,Pinus,strobus,L.,TRUE,Tree,Tree,Tree,Tree,FALSE,N,Pinaceae,NA,70 m,sandy soil,W,
480,Moss,,,FALSE,Moss,Unk,Not in Sources,,FALSE,X,,,,,,
485,Muhlenbergia,frondosa,(Poiret) Fern.,TRUE,Herb,Perennial,Guerilla Grass,Grass,TRUE,N,Poaceae,NA,5-10 dm,fields,W,
486,Muhlenbergia,sp.,Schreber.,TRUE,Herb,Perennial,Guerilla Grass,Grass,TRUE,N,Poaceae,NA,,,W,
490,Myrica,pensylvanica,Mirbel.,TRUE,shrub/vine,Shrub,Shrub,Shrub,FALSE,N,Myricaceae,NA,.5-2 m,dry hills,F,
491,Myrica,sp.,L.,TRUE,shrub/vine,Shrub,Shrub,Shrub,FALSE,N,Myricaceae,NA,,,,Other than 490 unlikely.
492,Panicum,capillare,L.,TRUE,Herb,Annual,Annual Grass,Grass,TRUE,N,Poaceae,NA,.5 - 7 dm,dry soil,,
493,Panicum,dichotomiflorum,Michx.,TRUE,Herb,Annual,Annual Grass,Grass,TRUE,N,Poaceae,NA,1 m+,moist soil,,
494,Oenothera,perennis,L.,TRUE,Herb,Perennial,Erect Perennial,Big,FALSE,N,Onagraceae,NA,1-6 dm,moist soil,D,
495,Oenothera,biennis,L.,TRUE,Herb,Biennial,Pioneer,Big,FALSE,N,Onagraceae,NA,.5-2 m,roadsides,D,
496,Ophioglossum,vulgatum,L.,TRUE,Herb,Perennial,Erect Perennial,Small,FALSE,N,Ophioglossaceae,NA,7-35 cm,,O,
497,Onoclea,sensibilis,L.,TRUE,Herb,Perennial,Erect Perennial,Big,TRUE,N,Onocleaceae,NA,1 m,meadows,O,
500,Oxalis,stricta,L.,TRUE,Herb,Perennial,Decumbent Per.,Small,TRUE,N,Oxalidaceae,NA,5 dm,,D,
501,Oxalis,sp.,L.,TRUE,Herb,Perennial,Decumbent Per.,Small,TRUE,N,Oxalidaceae,NA,,,D,
502,Parthenocissus,sp.,"Planchon, nom. conserv.",TRUE,shrub/vine,Liana,Woody Vine,Liana,FALSE,N,Vitaceae,NA,,,F,Cf 510
503,Panicum,depauperatum,Muhl.,TRUE,Herb,Perennial,Phalanx Grass,Grass,TRUE,N,Poaceae,NA,,dry/sandy,W,
504,Panicum,leucothrix,Nash.,TRUE,Herb,Perennial,Phalanx Grass,Grass,TRUE,N,Poaceae,NA,,,W,Old Name: P. meridonale
505,Panicum,sp.,L.,TRUE,Herb,Unk,Not Clear,,FALSE,N,Poaceae,NA,,,W,
506,Panicum,lanuginosum,Elliott.,TRUE,Herb,Perennial,Phalanx Grass,Grass,FALSE,N,Poaceae,NA,,,W,
507,Panicum,virgatum,L.,TRUE,Herb,Perennial,Phalanx Grass,Grass,TRUE,N,Poaceae,NA,2 m,open woods,W,Old Name: P. virginanum
508,Panicum,lindheimeri,,TRUE,Herb,Perennial,Phalanx Grass,Grass,TRUE,N,Poaceae,NA,,,,var. lindheimeri of lanuginosum
509,Panicum,boscii,Poir.,TRUE,Herb,Perennial,Phalanx Grass,Grass,TRUE,N,Poaceae,NA,,,,
510,Parthenocissus,quinquefolia,(L.) Planchon.,TRUE,shrub/vine,Liana,Woody Vine,Liana,FALSE,N,Vitaceae,Canada,,moist,F,
511,Panicum,clandestinum,L.,TRUE,Herb,Perennial,Phalanx Grass,Grass,TRUE,N,Poaceae,NA,,,W,
513,Panicum,linearifolium,Scribn.,TRUE,Herb,Perennial,Phalanx Grass,Grass,TRUE,N,Poaceae,NA,,,,
514,Penstemon,sp.,Schmidel.,TRUE,Herb,Perennial,Erect Perennial,,FALSE,N,Scrophulariaceae,NA,,,D,
515,Penstemon,hirsutus,(L.) Willd.,TRUE,Herb,Perennial,Erect Perennial,Big,FALSE,N,Scrophulariaceae,NA,4-8 dm,dry woods,D,
516,Phalaris,arundinacea,L.,TRUE,Herb,Perennial,Phalanx Grass,Grass,TRUE,N,Poaceae,NA,7-15 dm,marshes,,
520,Phleum,pratense,L.,TRUE,Herb,Perennial,Phalanx Grass,Grass,TRUE,E,Poaceae,Europe,5-10 dm,,W,
521,Phryma,leptostachya,L.,TRUE,Herb,Perennial,Forest Herb,Big,FALSE,N,Verbenaceae,NA,5-10 dm,moist woods,O,
524,Physalis,sp.,L.,TRUE,Herb,Unk,Not Clear,,FALSE,N,Solanaceae,NA,,,F,
525,Physalis,heterophylla,Nees.,TRUE,Herb,Perennial,Erect Perennial,Big,TRUE,N,Solanaceae,NA,4-8 dm,open woods,F,
526,Physalis,virginiana,Miller.,TRUE,Herb,Perennial,Erect Perennial,Big,TRUE,N,Solanaceae,NA,3-6 dm,prairies,F,
527,Physalis,longifolia,Nutt.,TRUE,Herb,Perennial,Erect Perennial,Big,TRUE,N,Solanaceae,NA,4-8 dm,fields,F,Old Name: P. subglabrata
529,Phytolacca,americana,L.,TRUE,Herb,Perennial,Erect Perennial,Big,FALSE,N,Phytolaccaceae,NA,3m,fence rows,F,
530,Pilea,pumila,(L.) A. Gray.,TRUE,Herb,Annual,Pioneer,Small,FALSE,N,Urticaceae,NA,1-5 dm,shade soil,O,
531,Pilea,sp.,"Lindl., nom. conserv.",TRUE,Herb,Annual,Pioneer,,FALSE,N,Urticaceae,NA,,,O,
532,Pinus,sp.,L.,TRUE,Tree,Tree,,Tree,FALSE,X,Pinaceae,,,,,
535,Plantago,lanceolata,L.,TRUE,Herb,Perennial,Decumbent Per.,Small,FALSE,E,Plantaginaceae,Eurasia,,roadsides,D,
536,Plantago,major,L.,TRUE,Herb,Perennial,Decumbent Per.,,FALSE,E,Plantaginaceae,Eurasia,,roadsides,,
540,Plantago,rugelii,Decne.,TRUE,Herb,Perennial,Decumbent Per.,Small,FALSE,N,Plantaginaceae,NA,,roadsides,D,
541,Plantago,virginica,L.,TRUE,Herb,Biennial,Pioneer,Small,FALSE,N,Plantaginaceae,NA,16 cm,dry/sandy,D,
545,Plantago,sp.,L.,TRUE,Herb,Unk,Not Clear,,FALSE,X,Plantaginaceae,,,,D,
546,Platanus,occidentalis,L.,TRUE,Tree,Tree,Tree,Tree,FALSE,N,Plantanaceae,NA,50 m,moist,,
550,Poa,compressa,L.,TRUE,Herb,Perennial,Phalanx Grass,Grass,TRUE,E,Poaceae,Europe,2-7 dm,alkaline soil,W,
555,Poa,pratensis,L.,TRUE,Herb,Perennial,Phalanx Grass,Grass,TRUE,E,Poaceae,NA,2-5 mm,meadows,W,
559,Poa,annua,L.,TRUE,Herb,Annual,Pioneer,Grass,TRUE,E,Poaceae,Eurasia,2-3 mm,moist soil,W,
560,Poa,sp.,L.,TRUE,Herb,Unk,Not Clear,,FALSE,X,Poaceae,,,,W,
561,Poa,sylvestris,A. Gray.,TRUE,Herb,Perennial,Phalanx Grass,Grass,TRUE,N,Poaceae,NA,4-8dm,,W,
562,Podophyllum,peltatum,L.,TRUE,Herb,Perennial,Forest Herb,,TRUE,N,Berberidaceae,NA,3-5 dm,moist woods,,
563,Polygonatum,pubescens,(Willd.) Pursh.,TRUE,Herb,Perennial,Forest Herb,Big,TRUE,N,Liliaceae,NA,4-25 dm,roadsides,F,Old Name: P. biflorum
565,Polygonum,aviculare,L.,TRUE,Herb,Annual,Pioneer,Small,FALSE,E,Polygonaceae,,1-2 dm,fields,W,
566,Polygonum,virginianum,L.,TRUE,Herb,Perennial,Forest Herb,Big,TRUE,N,Polygonaceae,NA,5-10 dm,moist wood,W,
570,Polygonum,sp.,L.,TRUE,Herb,Unk,Not Clear,,FALSE,X,Polygonaceae,,,,W,
571,Polygonum,convolvulus,L.,TRUE,Herb,Vine,Pioneer,Vine,FALSE,E,Polygonaceae,Europe,1 m,roadsides,W,
572,Polygonum,hydropiper,L.,TRUE,Herb,Annual,Pioneer,,FALSE,E,Polygonaceae,Europe,6 dm,wet soil,,
573,Polystichum,acrostichoides,(Michx.) Schott.,TRUE,Herb,Perennial,Fern,,FALSE,N,Aspleniaceae,hybrid,3-7.5 dm,,O,
574,Polygonum,scandens,L.,TRUE,Herb,Vine,Herbaceous Vine,Vine,FALSE,N,Polygonaceae,,5 m,moist wood,W,
575,Polygonum,pensylvanicum,L.,TRUE,Herb,Annual,Pioneer,Big,FALSE,N,Polygonaceae,NA,2 m,fields,W,
576,Polygonum,persicaria,L.,TRUE,Herb,Annual,Pioneer,Big,FALSE,E,Polygonaceae,Europe,8 dm,,W,
577,Portulaca,oleracea,L.,TRUE,Herb,Annual,Pioneer,Small,FALSE,E,Portulacaceae,Eurasia,,,D,
579,Potentilla,sp.,L.,TRUE,Herb,Perennial,Decumbent Per.,,FALSE,X,Rosaceae,,,,,
580,Potentilla,simplex,Michx.,TRUE,Herb,Perennial,Decumbent Per.,Big,TRUE,N,Rosaceae,NA,2-3 dm,thickets,W,
585,Potentilla,norvegica,L.,TRUE,Herb,Perennial,Decumbent Per.,Big,FALSE,X,Rosaceae,NA,,,W,
586,Prenanthes,sp.,L.,TRUE,Herb,Perennial,Forest Herb,,FALSE,X,Asteraceae,,,,,
590,Potentilla,recta,L.,TRUE,Herb,Perennial,Decumbent Per.,Big,FALSE,E,Rosaceae,Europe,4-8 dm,,W,
591,Prunus,hortulana,L. H. Bailey.,TRUE,Tree,Tree,Tree,Tree,TRUE,N,Rosaceae,NA,10 m,thickets,F,
593,Pycnanthemum,verticillatum,(Michx.) Pers.,TRUE,Herb,Perennial,Erect Perennial,,FALSE,N,Lamiaceae,NA,1.5 m,thickets,,
594,Pycnanthemum,muticum,(Michx.) Pers.,TRUE,Herb,Perennial,Erect Perennial,,FALSE,N,Lamiaceae,NA,1 m,moist woods,,
595,Prunella,vulgaris,L.,TRUE,Herb,Perennial,Decumbent Per.,Small,FALSE,N,Lamiaceae,?,1-5 dm,,N,
596,Prunus,virginiana,L.,TRUE,shrub/vine,Shrub,Shrub,Shrub,FALSE,N,Rosaceae,NA,10 m,Swamps,F,
597,Quercus,nigra,L.,TRUE,Tree,Tree,Tree,Shrub,FALSE,N,Fagaceae,NA,25 m,wet soil,,
598,Prunus,avium,L.,TRUE,Tree,Tree,Tree,Shrub,FALSE,E,Rosaceae,Eurasia,20 m,,F,
599,Prunus,serotina,Ehrh.,TRUE,Tree,Tree,Tree,Shrub,FALSE,N,Rosaceae,NA,25 m,raodsides,F,
600,Prunus,sp.,L.,TRUE,Tree,Tree,Tree,Shrub,FALSE,X,Rosaceae,,,,F,
601,Pyrus,malus,L.,TRUE,Tree,Tree,Tree,Tree,FALSE,E,Rosaceae,Eurasia,15 m,,F,Old Name: Malus
602,Quercus,robur,,TRUE,Tree,Tree,Tree,Tree,FALSE,E,Fagaceae,,,,,
603,Quercus,palustris,Muenchh.,TRUE,Tree,Tree,Tree,Tree,FALSE,N,Fagaceae,NA,30 m,flood,N,
604,Pyrus,angustifolia,Aiton.,TRUE,Tree,Tree,Tree,Tree,FALSE,N,Rosaceae,NA,,,F,
605,Raphanus,raphanistrum,L.,TRUE,Herb,Annual,Pioneer,Big,FALSE,E,Brassicaceae,Eurasia,3-8 dm,fields,D,
606,Ranunculus,abortivus,L.,TRUE,Herb,Perennial,Erect Perennial,Big,FALSE,N,Ranunculaceae,NA,2-5 dm,moist woods,O,
607,Quercus,velutina,Lam.,TRUE,Tree,Tree,Tree,Tree,FALSE,N,Fagaceae,NA,40 m,dunes,N,
608,Quercus,rubra,L.,TRUE,Tree,Tree,Tree,Tree,FALSE,N,Fagaceae,NA,50 m,,N,Old Name: Q. borealis
609,Quercus,alba,L.,TRUE,Tree,Tree,Tree,Tree,FALSE,N,Fagaceae,NA,,upland wood,N,
610,Rhus,glabra,L.,TRUE,shrub/vine,Shrub,Shrub,Shrub,TRUE,N,Anacardiaceae,NA,6 m,roadsides,F,
611,Quercus,coccinea,Muenchh.,TRUE,Tree,Tree,Tree,Tree,FALSE,N,Fagaceae,NA,25 m,Dry soil,N,
612,Ranunculus,sp.,L.,TRUE,Herb,Unk,Not Clear,,FALSE,X,Ranunculaceae,,,,A,
613,Rhus,copallinum,L.,TRUE,shrub/vine,Shrub,Shrub,Shrub,FALSE,N,Anacardiaceae,NA,6 m,"dry, open",F,
614,Rhus,typhina,L.,TRUE,shrub/vine,Shrub,Shrub,Shrub,FALSE,N,Anacardiaceae,NA,10 m,"dry, open",F,
615,Toxicodendron,radicans,(L.) Kuntze.,TRUE,shrub/vine,Liana,Woody Vine,Liana,TRUE,N,Anacardiaceae,NA,,open woods,F,
616,Rorippa,palustris,Scop.,TRUE,Herb,Biennial,Pioneer,,FALSE,N,Brassicaceae,,1 m,,,Old Name: R. islandica
617,Quercus,sp.,L.,TRUE,Tree,Tree,Tree,Tree,FALSE,N,Fagaceae,,,,N,
618,Pyrus,coronaria,L.,TRUE,Tree,Tree,Tree,Tree,FALSE,N,Rosaceae,NA,10 m,thickets,F,
619,Ranunculus,bulbosus,L.,TRUE,Herb,Perennial,Erect Perennial,Big,FALSE,E,Ranunculaceae,Europe,2-6 dm,fields,A,
620,Rosa,multiflora,Thunb.,TRUE,shrub/vine,Shrub,Shrub,Shrub,FALSE,E,Rosaceae,Eurasia,3 m,,F,
621,Rosa,virginiana,Miller.,TRUE,shrub/vine,Shrub,Shrub,Shrub,FALSE,N,Rosaceae,NA,2 m,,,
622,Quercus,erythrobalanus,,TRUE,Tree,Tree,Tree,Tree,FALSE,X,Fagaceae,,,,,Not in manuals.
623,Pyrus,sp.,L.,TRUE,Tree,Tree,Shrub,Shrub,FALSE,X,Rosaceae,NA,,,W,
624,Rubus,sp.,L.,TRUE,shrub/vine,Shrub,Shrub,Shrub,TRUE,N,Rosaceae,NA,,,F,
625,Rosa,sp.,L.,TRUE,shrub/vine,Shrub,Shrub,Shrub,TRUE,X,Rosaceae,,,,F,
626,Rubus,flagellaris,Willd.,TRUE,shrub/vine,Shrub,Shrub,Shrub,TRUE,N,Rosaceae,NA,,,F,
627,Rhamnus,carthartica,L.,TRUE,shrub/vine,Shrub,Shrub,Shrub,FALSE,E,Rhamnaceae,Eurasia,6 m,,,
628,unk,rosette,,FALSE,,,,,FALSE,,,,,,,
629,Robinia,pseudoacacia,L.,FALSE,tree,tree,tree,tree,FALSE,N,Fabaceae,NA,,,,
630,Rubus,allegheniensis,T. C. Porter.,TRUE,shrub/vine,Shrub,Shrub,Shrub,TRUE,N,Rosaceae,NA,.5-3 m,,F,
631,Rubus,linearia,,TRUE,shrub/vine,Shrub,Not in Sources,Shrub,TRUE,X,Rosaceae,,,,,Not in manuals.
632,Rubus,hispidus,L.,TRUE,shrub/vine,Shrub,Shrub,Shrub,TRUE,N,Rosaceae,NA,,,F,
634,Rubus,phoenicolasius,Maxim.,TRUE,shrub/vine,Shrub,,Shrub,TRUE,E,Rosaceae,Eurasia,,,,
635,Rubus,occidentalis,L.,TRUE,shrub/vine,Shrub,Shrub,Shrub,TRUE,N,Rosaceae,NA,,,F,
636,Rubus,strigosus,,TRUE,shrub/vine,Shrub,Shrub,Shrub,TRUE,N,Rosaceae,,,,,R. idaeus v. strigosus OK
639,Rudbeckia,triloba,L.,TRUE,Herb,Biennial,Forest Herb,,FALSE,N,Asteraceae,NA,5-15 dm,woods,,
640,Rudbeckia,hirta,L.,TRUE,Herb,Biennial,Pioneer,Big,FALSE,N,Asteraceae,NA,3-10 dm,mountains,W,
641,Rudbeckia,sp.,L.,TRUE,Herb,Unk,Not Clear,,FALSE,N,Asteraceae,,,,,
645,Rumex,acetosella,L.,TRUE,Herb,Perennial,Decumbent Per.,Small,TRUE,E,Polygonaceae,NA,1-4 dm,fields,W,
646,Rumex,sp.,L.,TRUE,Herb,Perennial,Not Clear,,FALSE,X,Polygonaceae,,,,,
650,Rumex,crispus,L.,TRUE,Herb,Perennial,Decumbent Per.,Big,FALSE,E,Polygonaceae,Europe,1.5 m,fields,W,
651,Sanicula,sp.,L.,TRUE,Herb,Unk,Not Clear,Small,FALSE,N,Apiaceae,,,,O,
652,Sassafras,albidum,(Nutt.) Nees.,TRUE,Tree,Tree,Tree,Tree,TRUE,N,Lauraceae,NA,30 m,thickets,F,
653,Scirpus,sp.,L.,TRUE,Herb,Unk,Not Clear,,FALSE,N,Cyperaceae,,,,O,
654,Sanicula,gregaria,E. Bickn.,TRUE,Herb,Perennial,,,FALSE,N,Apiaceae,NA,,,,
655,Scleranthus,annuus,L.,TRUE,Herb,Annual,Pioneer,Small,FALSE,E,Caryophyllaceae,Eurasia,5-10 cm,roadsides,O,
657,Seedlings,,,TRUE,Herb,Unk,Not in Sources,,FALSE,X,,,,,,
660,Senecio,vulgaris,L.,TRUE,Herb,Annual,Pioneer,,FALSE,E,Asteraceae,Europe,1-4 dm,waste grnd.,,
661,Senecio,sp,L.,TRUE,Herb,Annual,,,FALSE,,Asteraceae,,,,,
665,Setaria,sp.,"P. Beauv., nom. conserv.",TRUE,Herb,Annual,Pioneer,Grass,TRUE,X,Poaceae,,,,W,
666,Setaria,faberii,R. Herrm.,TRUE,Herb,Annual,Pioneer,Grass,TRUE,E,Poaceae,Eurasia,2-20 dm,,W,
668,Setaria,glauca,(L.) P. Beauv.,TRUE,Herb,Annual,Pioneer,Grass,TRUE,E,Poaceae,Europe,3-13 dm,,W,
669,Setaria,viridis,(L.) P. Beauv.,TRUE,Herb,Annual,Pioneer,Grass,TRUE,E,Poaceae,,2-25 dm,,W,
670,Sida,spinosa,L.,TRUE,Herb,Annual,Pioneer,,FALSE,E,Malvaceae,,3-6 dm,roadsides,,
671,Silene,antirrhina,L.,TRUE,Herb,Annual,Pioneer,Big,FALSE,N,Caryophyllaceae,NA,2-8 dm,sandy soil,D,
672,Silene,vulgaris,(Moench) Garcke.,TRUE,Herb,Perennial,Erect Perennial,Big,FALSE,X,Caryophyllaceae,Europe,2-8 dm,wast,D,Old Name: S. cucubalis
673,Silene,sp.,L.,TRUE,Herb,Perennial,Erect Perennial,,FALSE,X,Caryophyllaceae,,,,D,Uncertain Gen. L. F. and Func. Group
675,Sisyrinchium,angustifolium,Miller.,TRUE,Herb,Perennial,Decumbent Per.,Small,TRUE,N,Iridaceae,NA,1.5-5 dm,meadows,O,
676,Sisyrinchium,sp.,L.,TRUE,Herb,Perennial,Decumbent Per.,,FALSE,N,Iridaceae,,,,O,
677,Smilax,rotundifolia,L.,TRUE,shrub/vine,Liana,Woody Vine,Liana,FALSE,N,Smilacaceae,NA,,Thickets,F,
678,Smilax,sp.,L.,TRUE,shrub/vine,Liana,Woody Vine,Liana,FALSE,N,Smilacaceae,,,,F,
680,Spirea,sp.,,TRUE,,,,,FALSE,,,,,,,
684,Solanum,nigrum,L.,TRUE,Herb,Annual,Pioneer,,FALSE,E,Solanaceae,NA,1.5-6 dm,,,
685,Solanum,carolinense,L.,TRUE,Herb,Perennial,Erect Perennial,Big,FALSE,N,Solanaceae,NA,1 m,fields,F,
686,Solanum,dulcamara,L.,TRUE,Herb,Perennial,Erect Perennial,,FALSE,E,Solanaceae,Eurasia,1-3 m,thickets,,
687,Solanum,sp.,L.,TRUE,Herb,Unk,Not Clear,,FALSE,X,Solanaceae,,,,,
690,Solidago,canadensis,L.,TRUE,Herb,Perennial,Erect Perennial,Big,TRUE,N,Asteraceae,NA,2.5-20 dm,moist,W,
695,Euthamia,graminifolia,(L.) Nutt.,TRUE,Herb,Perennial,Erect Perennial,Big,TRUE,N,Asteraceae,NA,3.-15 dm,open woods,W,Old Name: Solidago g.
700,Solidago,juncea,Aiton.,TRUE,Herb,Perennial,Erect Perennial,Big,TRUE,N,Asteraceae,NA,3-12 dm,dry,W,
705,Solidago,nemoralis,Aiton.,TRUE,Herb,Perennial,Erect Perennial,Big,TRUE,N,Asteraceae,NA,1-10 dm,open woods,W,
710,Solidago,rugosa,Miller.,TRUE,Herb,Perennial,Erect Perennial,Big,TRUE,N,Asteraceae,NA,3-25 dm,,W,
713,Solidago,gigantea,Aiton.,TRUE,Herb,Perennial,Erect Perennial,Big,TRUE,N,Asteraceae,NA,2.5-20 dm,moist,W,
720,Sonchus,sp.,L.,TRUE,Herb,Unk,Not Clear,,FALSE,E,Asteraceae,,,,,
725,Sorghum,halepense,(L.) Pers.,TRUE,Herb,Perennial,Guerilla Grass,Grass,TRUE,E,Poaceae,NA,1.5 m,,W,
735,Triodanis,perfoliata,(L.) Nieuwl.,TRUE,Herb,Annual,Pioneer,Big,FALSE,N,Campanulaceae,,1-10 dm,,W,Old Name: Specularia
736,Sporobolus,sp.,R. Br.,TRUE,Herb,Unk,Not Clear,,FALSE,N,Poaceae,,,,,
740,Stachys,annua,L.,TRUE,Herb,Annual,Pioneer,,FALSE,E,Lamiaceae,Europe,1-3 dm,,,
745,Stellaria,media,(L.) Villars.,TRUE,Herb,Annual,Pioneer,Small,FALSE,E,Caryophyllaceae,Europe,4 dm,meadows,D,
746,Stellaria,sp.,L.,TRUE,Herb,Annual,Pioneer,,FALSE,E,Caryophyllaceae,,,,D,Cf  745
750,Taraxacum,officinale,Weber ex Wiggers.,TRUE,Herb,Biennial,Decumbent Per.,Small,FALSE,E,Asteraceae,Eurasia,,,W,
751,Taxus,canadensis,Marshall.,TRUE,shrub/vine,Shrub,Shrub,Shrub,FALSE,N,Taxaceae,NA,2 m,coniferous,F,
752,Taraxacum,sp.,"Wiggers, nom. conserv.",TRUE,Herb,Biennial,Decumbent Per.,Small,FALSE,E,Asteraceae,,,,W,
755,Tragopogon,dubius,Scop.,TRUE,Herb,Biennial,Pioneer,Big,FALSE,E,Asteraceae,Europe,3-10 dm,roadsides,W,
756,Tragopogon,pratensis,L.,TRUE,Herb,Biennial,Pioneer,,FALSE,E,Asteraceae,Europe,1.5-8 dm,fields,,
758,Tridens,flavus,(L.) A. Hitchc.,TRUE,Herb,Perennial,Phalanx Grass,Grass,TRUE,N,Poaceae,NA,8-15 dm,fields,W,
760,Trifolium,arvense,L.,TRUE,Herb,Annual,Legume,Small,FALSE,E,Fabaceae,Eurasia,1-4 dm,e. seaboard,O,
761,Trifolium,aureum,Pollich.,TRUE,Herb,Biennial,Legume,Big,FALSE,E,Fabaceae,Eurasia,2-5 dm,roadsides,O,Old Name: T. agrarium
763,Trifolium,dubium,Sibth.,TRUE,Herb,Annual,Legume,,FALSE,E,Fabaceae,Europe,1-4 dm,waste grnd.,,
765,Trifolium,hybridum,L.,TRUE,Herb,Perennial,Legume,Big,FALSE,E,Fabaceae,Eurasia,3-8 dm,,O,
770,Trifolium,pratense,L.,TRUE,Herb,Biennial,Legume,Big,FALSE,E,Fabaceae,Europe,8 dm,roadsides,O,
772,Trifolium,campestre,Schreber.,TRUE,Herb,Annual,Legume,,FALSE,E,Fabaceae,Eurasia,1-4 dm,roadsides,,Old Name: T. procumbens
775,Trifolium,repens,L.,TRUE,Herb,Perennial,Legume,Small,TRUE,E,Fabaceae,Eurasia,,lawns,O,
776,Trifolium,sp.,L.,TRUE,Herb,Unk,Legume,,FALSE,E,Fabaceae,,,,O,
777,Ulmus,rubra,Muhl.,TRUE,Tree,Tree,Tree,,FALSE,N,Ulmaceae,NA,20 m,moist,W,
778,Urtica,dioica,L.,TRUE,Herb,Perennial,Erect Perennial,Big,TRUE,E,Urticaceae,Europe,2 m,,A,
779,Ulmus,americana,L.,TRUE,Tree,Tree,Tree,Tree,FALSE,N,Ulmaceae,NA,40 m,moist,W,
780,Verbascum,blattaria,L.,TRUE,Herb,Biennial,Pioneer,Big,FALSE,E,Scrophulariaceae,Eurasia,1.5 m,,O,
781,Ulmus,sp.,L.,TRUE,Tree,Tree,Tree,Tree,FALSE,N,Ulmaceae,,,,W,
782,Ulmus,pumila,,TRUE,Tree,Tree,,Tree,FALSE,E,Ulmaceae,,,,,
784,Verbascum,sp.,L.,TRUE,Herb,Biennial,Pioneer,,FALSE,E,Scrophulariaceae,,,,,
785,Verbascum,thapsus,L.,TRUE,Herb,Biennial,Pioneer,Big,FALSE,E,Scrophulariaceae,Europe,1.2 m,,O,
789,Verbena,sp.,L.,TRUE,Herb,Unk,Not Clear,,FALSE,N,Verbenaceae,,,,N,
790,Verbena,hastata,L.,TRUE,Herb,Perennial,Erect Perennial,,FALSE,N,Verbenaceae,NA,4-15 dm,moist,,
791,Verbena,urticifolia,L.,TRUE,Herb,Biennial,Pioneer,Big,FALSE,N,Verbenaceae,,4-15 dm,thickets,N,
792,Veronica,filiformis,,TRUE,,,,,FALSE,,,,,,,
793,Vernonia,noveboracensis,(L.) Michx.,TRUE,Herb,Perennial,Erect Perennial,,FALSE,N,Scrophulariaceae,,,,,Corrected from Veronica
794,Veronica,serpyllifolia,L.,TRUE,Herb,Perennial,Erect Perennial,Small,TRUE,E,Scrophulariaceae,Europe,,fields,W,
795,Veronica,sp.,L.,TRUE,Herb,Unk,Not Clear,,FALSE,X,Scrophulariaceae,,,,W,
796,Veronica,officinalis,L.,TRUE,Herb,Perennial,Decumbent Per.,Small,TRUE,E,Scrophulariaceae,Europe,,dry fields,W,
797,Veronica,arvensis,L.,TRUE,Herb,Annual,Pioneer,Small,FALSE,E,Scrophulariaceae,Eurasia,.5-3 dm,gardens,W,
798,Veronica,peregrina,L.,TRUE,Herb,Annual,Pioneer,Small,FALSE,E,Scrophulariaceae,Europe,.5-3 dm,,W,
800,Viburnum,prunifolium,L.,TRUE,shrub/vine,Shrub,Shrub,Shrub,FALSE,N,Caprifoliaceae,NA,8 m,roadsides,F,
801,Viburnum,dentatum,L.,TRUE,shrub/vine,Shrub,Shrub,Shrub,FALSE,N,Caprifoliaceae,NA,1-5 m,,F,
802,Viburnum,acerifolium,L.,TRUE,shrub/vine,Shrub,Shrub,Shrub,FALSE,N,Caprifoliaceae,NA,1-2 m,dry/moist,F,
803,Viburnum,sp.,L.,TRUE,shrub/vine,Shrub,Shrub,Shrub,FALSE,N,Caprifoliaceae,,,,F,
804,Vicia,sp.,L.,TRUE,Herb,Unk,Legume,,FALSE,X,Fabaceae,,,,D,
805,Vicia,villosa,Roth.,TRUE,Herb,Biennial,Pioneer,Big,FALSE,E,Fabaceae,Europe,1 m,roadsides,D,
806,Viola,sororia,Willd.,TRUE,Herb,Perennial,Decumbent Per.,Small,TRUE,N,Violaceae,NA,,,O,Cf 814 Old Name: V. papilionacea
809,Vitis,riparia,Michx.,TRUE,shrub/vine,Liana,Woody Vine,Liana,FALSE,N,Vitaceae,NA,,moist,,
810,Viola,sp.,L.,TRUE,Herb,Perennial,Decumbent Per.,,FALSE,N,Violaceae,,,,O,
811,Vitis,sp.,L.,TRUE,shrub/vine,Liana,Woody Vine,Liana,FALSE,N,Vitaceae,,,,F,
812,Vitis,vulpina,L.,TRUE,shrub/vine,Liana,Woody Vine,Liana,FALSE,N,Vitaceae,NA,,thickets,F,
813,Vitis,palmata,M. Vahl.,TRUE,shrub/vine,Liana,Woody Vine,Liana,FALSE,N,Vitaceae,NA,,Swamps,,
815,Vitis,labrusca,L.,TRUE,shrub/vine,Liana,Woody Vine,Liana,FALSE,N,Vitaceae,NA,,thickets,,
816,Vitis,aestivalis,Michx.,TRUE,shrub/vine,Liana,Woody Vine,Liana,FALSE,N,Vitaceae,NA,,roadsides,,
900,Ukn. Rosaceous,woody seedling,,TRUE,shrub/vine,Shrub,Shrub,Shrub,FALSE,X,,,,,,
901,Unknown,woody seedling,,TRUE,Tree,Tree,,,FALSE,X,,,,,,
